Date,1 Mo,2 Mo,3 Mo,4 Mo,6 Mo,1 Yr,2 Yr,3 Yr,5 Yr,7 Yr,10 Yr,20 Yr,30 Yr
08/28/2026,4.26,4.24,4.22,4.19,4.16,4.12,4.07,4.09,4.12,4.16,4.15,4.19,4.22
08/27/2026,4.31,4.32,4.25,4.24,4.22,4.18,4.13,4.14,4.12,4.15,4.2,4.21,4.23
08/26/2026,4.28,4.24,4.22,4.22,4.17,4.12,4.07,4.07,4.05,4.08,4.07,4.1,4.11
08/25/2026,4.28,4.28,4.25,4.21,4.22,4.13,4.04,4.0,4.04,4.03,4.05,4.07,4.09
08/24/2026,4.33,4.29,4.27,4.24,4.2,4.15,4.09,4.07,4.05,4.04,4.03,4.06,4.06
08/21/2026,4.37,4.35,4.33,4.32,4.25,4.19,4.14,4.11,4.1,4.11,4.09,4.16,4.13
08/20/2026,4.4,4.37,4.36,4.32,4.3,4.23,4.19,4.15,4.19,4.17,4.17,4.16,4.15
08/19/2026,4.37,4.36,4.37,4.34,4.25,4.22,4.17,4.15,4.16,4.17,4.16,4.17,4.18
08/18/2026,4.36,4.37,4.34,4.33,4.3,4.2,4.16,4.17,4.14,4.2,4.18,4.2,4.19
08/17/2026,4.4,4.38,4.35,4.3,4.31,4.24,4.17,4.16,4.17,4.18,4.18,4.23,4.21
08/14/2026,4.44,4.42,4.38,4.36,4.37,4.27,4.21,4.2,4.22,4.25,4.23,4.29,4.28
08/13/2026,4.41,4.39,4.35,4.34,4.31,4.22,4.19,4.18,4.2,4.2,4.23,4.22,4.27
08/12/2026,4.38,4.37,4.3,4.34,4.28,4.25,4.19,4.2,4.19,4.2,4.2,4.24,4.25
08/11/2026,4.31,4.31,4.28,4.28,4.21,4.14,4.13,4.11,4.13,4.12,4.13,4.17,4.2
08/10/2026,4.28,4.25,4.25,4.22,4.19,4.15,4.07,4.09,4.13,4.1,4.14,4.15,4.2
08/07/2026,4.24,4.21,4.21,4.18,4.15,4.08,4.02,4.06,4.04,4.07,4.07,4.08,4.12
08/06/2026,4.27,4.24,4.23,4.23,4.19,4.11,4.08,4.04,4.07,4.07,4.1,4.09,4.11
08/05/2026,4.25,4.24,4.22,4.21,4.16,4.12,4.08,4.07,4.08,4.09,4.06,4.14,4.17
08/04/2026,4.3,4.24,4.24,4.23,4.17,4.12,4.11,4.11,4.1,4.13,4.09,4.2,4.18
08/03/2026,4.26,4.25,4.2,4.2,4.16,4.1,4.1,4.05,4.12,4.13,4.12,4.14,4.17
07/31/2026,4.24,4.24,4.22,4.21,4.14,4.11,4.05,4.05,4.08,4.11,4.08,4.12,4.16
07/30/2026,4.27,4.21,4.2,4.22,4.16,4.09,4.03,4.04,4.04,4.06,4.06,4.09,4.11
07/29/2026,4.23,4.23,4.23,4.21,4.19,4.07,4.07,4.06,4.05,4.05,4.03,4.08,4.07
07/28/2026,4.25,4.23,4.24,4.21,4.17,4.11,4.03,4.05,4.06,4.03,4.04,4.04,4.07
07/27/2026,4.23,4.19,4.21,4.16,4.12,4.07,4.02,4.0,4.03,4.03,4.06,4.07,4.08
07/24/2026,4.21,4.21,4.17,4.16,4.12,4.05,4.04,3.99,4.02,4.01,4.02,4.04,4.05
07/23/2026,4.19,4.2,4.16,4.13,4.08,4.02,3.96,3.97,3.95,3.97,3.95,3.99,3.99
07/22/2026,4.23,4.19,4.19,4.16,4.12,4.04,4.03,3.97,4.0,4.03,4.02,4.05,4.05
07/21/2026,4.22,4.19,4.16,4.13,4.12,4.03,4.0,4.01,3.98,4.0,4.03,4.02,4.02
07/20/2026,4.16,4.18,4.16,4.16,4.09,4.02,3.98,3.94,3.95,3.96,3.97,3.97,4.02
07/17/2026,4.2,4.18,4.17,4.14,4.1,4.03,4.0,3.95,3.97,3.98,3.99,3.97,3.99
07/16/2026,4.21,4.17,4.16,4.12,4.11,4.06,3.99,3.97,3.98,3.96,4.0,4.06,4.07
07/15/2026,4.18,4.16,4.15,4.13,4.1,4.0,3.94,3.94,3.93,3.92,3.93,3.94,3.94
07/14/2026,4.21,4.2,4.15,4.13,4.08,4.01,3.94,3.93,3.94,3.97,3.93,3.93,3.93
07/13/2026,4.2,4.18,4.14,4.13,4.11,4.03,3.96,3.94,3.92,3.91,3.93,3.93,3.94
07/10/2026,4.22,4.18,4.12,4.16,4.14,4.03,3.95,3.93,3.95,3.97,3.99,3.97,3.98
07/09/2026,4.23,4.22,4.13,4.13,4.1,4.01,3.98,3.95,3.94,3.91,3.95,3.9,3.91
07/08/2026,4.24,4.21,4.19,4.17,4.11,4.03,3.98,3.97,3.92,3.93,3.92,3.92,3.92
07/07/2026,4.28,4.23,4.23,4.2,4.15,4.09,4.01,4.01,3.99,3.98,3.99,3.98,3.97
07/06/2026,4.29,4.2,4.21,4.22,4.17,4.09,4.02,4.01,3.97,4.0,4.02,3.98,4.0
07/03/2026,4.26,4.22,4.18,4.16,4.13,4.04,3.99,3.97,3.96,3.97,3.96,3.98,3.98
07/02/2026,4.24,4.2,4.17,4.16,4.14,4.06,4.0,3.97,3.98,3.98,3.96,4.01,3.96
07/01/2026,4.31,4.28,4.23,4.25,4.2,4.1,4.03,4.03,4.01,4.0,4.01,4.01,4.0
06/30/2026,4.29,4.26,4.24,4.23,4.19,4.11,4.03,3.99,4.02,3.96,3.98,3.98,3.98
06/29/2026,4.27,4.23,4.26,4.22,4.18,4.11,4.0,3.98,3.99,3.98,3.98,3.97,3.97
06/26/2026,4.3,4.28,4.26,4.25,4.21,4.13,4.05,4.04,4.02,4.0,4.05,4.02,4.0
06/25/2026,4.32,4.29,4.3,4.24,4.22,4.14,4.07,4.02,4.0,4.02,4.03,4.02,4.01
06/24/2026,4.32,4.27,4.26,4.24,4.19,4.11,4.05,4.02,4.01,4.0,4.0,4.01,3.99
06/23/2026,4.28,4.24,4.21,4.22,4.14,4.09,4.02,4.01,3.99,3.95,3.96,3.99,3.95
06/22/2026,4.35,4.32,4.3,4.26,4.25,4.12,4.08,4.04,4.03,4.06,4.0,4.0,3.98
06/19/2026,4.37,4.37,4.35,4.3,4.28,4.2,4.12,4.06,4.11,4.11,4.09,4.08,4.05
06/18/2026,4.38,4.33,4.31,4.3,4.23,4.22,4.12,4.09,4.06,4.06,4.04,4.02,3.99
06/17/2026,4.33,4.29,4.27,4.24,4.22,4.12,4.03,4.01,4.05,4.01,4.0,3.99,3.96
06/16/2026,4.25,4.21,4.24,4.19,4.15,4.05,3.98,3.96,3.96,3.94,3.95,3.9,3.94
06/15/2026,4.32,4.28,4.25,4.25,4.18,4.13,4.04,4.04,4.0,4.0,3.97,3.99,3.98
06/12/2026,4.24,4.22,4.22,4.19,4.16,4.08,3.97,3.96,3.96,3.94,3.93,3.94,3.91
06/11/2026,4.25,4.21,4.16,4.16,4.12,4.04,3.97,3.96,3.95,3.95,3.93,3.92,3.89
06/10/2026,4.21,4.19,4.16,4.15,4.11,4.01,3.97,3.93,3.93,3.92,3.91,3.91,3.88
06/09/2026,4.21,4.17,4.13,4.12,4.07,3.99,3.91,3.92,3.88,3.91,3.91,3.89,3.87
06/08/2026,4.1,4.13,4.08,4.07,4.07,3.97,3.88,3.86,3.89,3.87,3.85,3.86,3.86
06/05/2026,4.14,4.11,4.09,4.0,4.0,3.92,3.85,3.86,3.87,3.86,3.84,3.86,3.85
06/04/2026,4.2,4.1,4.09,4.06,4.03,3.97,3.91,3.89,3.87,3.87,3.87,3.85,3.87
06/03/2026,4.16,4.13,4.11,4.08,4.07,3.98,3.9,3.9,3.87,3.92,3.86,3.86,3.92
06/02/2026,4.15,4.16,4.13,4.13,4.07,4.01,3.94,3.92,3.89,3.92,3.93,3.9,3.91
06/01/2026,4.22,4.22,4.17,4.14,4.13,4.04,3.96,3.95,3.92,3.93,3.91,3.9,3.92
05/29/2026,4.31,4.26,4.27,4.21,4.17,4.08,4.03,3.99,3.97,3.98,3.96,3.96,3.93
05/28/2026,4.3,4.29,4.26,4.2,4.17,4.07,4.02,4.01,3.98,3.97,3.94,3.94,3.94
05/27/2026,4.22,4.22,4.16,4.17,4.12,4.05,3.93,3.91,3.89,3.87,3.9,3.81,3.84
05/26/2026,4.21,4.21,4.18,4.12,4.11,4.03,3.94,3.91,3.89,3.85,3.88,3.8,3.79
05/25/2026,4.2,4.16,4.13,4.09,4.05,3.97,3.91,3.84,3.8,3.81,3.78,3.77,3.76
05/22/2026,4.19,4.17,4.2,4.13,4.13,4.0,3.93,3.92,3.87,3.87,3.86,3.83,3.8
05/21/2026,4.17,4.17,4.14,4.11,4.04,3.99,3.91,3.92,3.88,3.84,3.86,3.82,3.81
05/20/2026,4.19,4.19,4.13,4.14,4.1,4.01,3.96,3.92,3.9,3.89,3.87,3.88,3.85
05/19/2026,4.23,4.19,4.17,4.12,4.1,3.98,3.93,3.89,3.9,3.89,3.89,3.85,3.85
05/18/2026,4.17,4.16,4.1,4.11,4.07,3.95,3.91,3.89,3.86,3.88,3.87,3.86,3.83
05/15/2026,4.18,4.16,4.15,4.13,4.07,4.01,3.94,3.93,3.9,3.91,3.88,3.89,3.9
05/14/2026,4.2,4.19,4.17,4.15,4.1,4.05,3.98,3.93,3.97,3.92,3.94,3.93,3.87
05/13/2026,4.23,4.22,4.15,4.15,4.08,4.03,3.98,3.94,3.92,3.92,3.96,3.92,3.91
05/12/2026,4.22,4.18,4.18,4.13,4.09,4.04,3.98,3.94,3.96,3.96,3.92,3.93,3.91
05/11/2026,4.19,4.18,4.14,4.15,4.1,4.0,3.94,3.92,3.92,3.92,3.92,3.91,3.91
05/08/2026,4.24,4.21,4.2,4.19,4.16,4.07,3.98,3.97,3.96,3.94,3.96,3.96,3.95
05/07/2026,4.27,4.23,4.21,4.17,4.12,4.03,3.98,3.96,3.93,3.92,3.95,3.93,3.91
05/06/2026,4.24,4.16,4.16,4.13,4.12,4.01,3.95,3.9,3.91,3.89,3.88,3.84,3.85
05/05/2026,4.11,4.11,4.12,4.09,4.02,3.99,3.89,3.88,3.84,3.85,3.82,3.81,3.81
05/04/2026,4.06,4.07,4.04,3.99,3.95,3.87,3.8,3.76,3.72,3.68,3.7,3.67,3.66
05/01/2026,4.13,4.06,4.06,4.04,4.01,3.88,3.83,3.8,3.76,3.73,3.7,3.69,3.68
04/30/2026,4.11,4.08,4.04,4.02,4.0,3.9,3.84,3.78,3.78,3.79,3.77,3.76,3.73
04/29/2026,4.06,4.04,3.98,3.98,3.93,3.85,3.77,3.71,3.74,3.71,3.71,3.66,3.63
04/28/2026,4.02,4.01,4.01,3.97,3.96,3.85,3.78,3.76,3.72,3.72,3.71,3.66,3.67
04/27/2026,4.12,4.08,4.04,4.03,3.98,3.93,3.82,3.82,3.8,3.77,3.76,3.77,3.76
04/24/2026,4.09,4.08,4.08,4.01,3.97,3.9,3.83,3.83,3.78,3.79,3.76,3.77,3.74
04/23/2026,4.14,4.1,4.08,4.04,4.02,3.92,3.86,3.81,3.82,3.8,3.82,3.8,3.81
04/22/2026,4.18,4.17,4.12,4.11,4.08,4.01,3.91,3.9,3.92,3.92,3.9,3.92,3.91
04/21/2026,4.21,4.19,4.12,4.13,4.07,4.02,3.95,3.95,3.94,3.95,3.93,3.94,3.91
04/20/2026,4.17,4.15,4.14,4.09,4.08,3.99,3.93,3.94,3.92,3.9,3.88,3.89,3.9
04/17/2026,4.19,4.15,4.11,4.09,4.03,3.98,3.94,3.89,3.92,3.92,3.91,3.91,3.91
04/16/2026,4.2,4.15,4.12,4.11,4.09,4.0,3.93,3.9,3.88,3.9,3.9,3.88,3.89
04/15/2026,4.16,4.14,4.09,4.09,4.01,3.98,3.91,3.89,3.87,3.87,3.85,3.85,3.85
04/14/2026,4.13,4.09,4.08,4.05,4.01,3.93,3.85,3.84,3.82,3.84,3.83,3.79,3.84
04/13/2026,4.13,4.09,4.08,4.01,4.01,3.89,3.85,3.8,3.77,3.8,3.77,3.78,3.75
04/10/2026,4.17,4.15,4.1,4.11,4.05,3.92,3.89,3.86,3.82,3.81,3.79,3.77,3.77
04/09/2026,4.14,4.11,4.1,4.04,4.05,3.93,3.88,3.89,3.84,3.85,3.86,3.84,3.85
04/08/2026,4.12,4.09,4.05,4.05,4.0,3.93,3.86,3.86,3.83,3.83,3.84,3.82,3.84
04/07/2026,4.11,4.07,4.07,4.04,4.0,3.91,3.84,3.83,3.82,3.8,3.81,3.8,3.77
04/06/2026,4.11,4.1,4.06,4.06,4.03,3.92,3.85,3.83,3.83,3.8,3.81,3.82,3.78
04/03/2026,4.12,4.11,4.08,4.07,4.05,3.95,3.91,3.87,3.87,3.86,3.86,3.83,3.88
04/02/2026,4.16,4.18,4.16,4.14,4.07,4.01,3.93,3.92,3.93,3.94,3.9,3.88,3.87
04/01/2026,4.17,4.14,4.12,4.08,4.07,3.97,3.94,3.86,3.86,3.89,3.85,3.89,3.89
03/31/2026,4.17,4.12,4.1,4.04,4.02,3.93,3.9,3.88,3.83,3.86,3.88,3.83,3.85
03/30/2026,4.09,4.04,4.06,4.02,3.99,3.9,3.82,3.79,3.75,3.76,3.74,3.74,3.75
03/27/2026,4.1,4.08,4.06,4.01,4.0,3.9,3.83,3.81,3.78,3.79,3.77,3.74,3.77
03/26/2026,4.13,4.12,4.06,4.05,4.01,3.93,3.87,3.85,3.82,3.81,3.82,3.83,3.79
03/25/2026,4.05,4.02,4.01,3.99,3.96,3.84,3.79,3.78,3.78,3.77,3.74,3.78,3.74
03/24/2026,4.03,4.0,3.94,3.93,3.91,3.82,3.76,3.73,3.73,3.72,3.71,3.74,3.72
03/23/2026,4.05,4.01,4.0,3.96,3.92,3.82,3.8,3.74,3.76,3.74,3.73,3.72,3.72
03/20/2026,4.02,3.98,3.97,3.93,3.89,3.79,3.73,3.71,3.75,3.69,3.69,3.73,3.7
03/19/2026,4.05,4.0,3.99,3.95,3.94,3.86,3.78,3.74,3.75,3.7,3.75,3.73,3.74
03/18/2026,4.05,4.03,3.98,3.98,3.91,3.82,3.75,3.79,3.75,3.74,3.76,3.72,3.74
03/17/2026,4.01,3.98,3.93,3.96,3.92,3.83,3.74,3.72,3.72,3.71,3.73,3.72,3.67
03/16/2026,4.0,3.99,3.96,3.93,3.9,3.8,3.74,3.73,3.74,3.74,3.74,3.72,3.74
03/13/2026,4.04,4.05,4.03,3.99,3.93,3.85,3.8,3.76,3.73,3.76,3.76,3.73,3.72
03/12/2026,4.09,4.05,4.05,4.04,3.99,3.9,3.84,3.83,3.8,3.81,3.81,3.81,3.8
03/11/2026,4.09,4.07,4.03,4.03,3.97,3.88,3.8,3.77,3.78,3.73,3.74,3.72,3.75
03/10/2026,4.07,4.05,4.05,4.0,3.97,3.87,3.82,3.78,3.75,3.74,3.72,3.7,3.69
03/09/2026,4.06,4.02,4.0,3.97,3.94,3.85,3.76,3.75,3.73,3.7,3.67,3.66,3.62
03/06/2026,4.12,4.07,4.05,4.03,3.95,3.91,3.84,3.78,3.77,3.72,3.74,3.69,3.7
03/05/2026,4.17,4.1,4.07,4.07,4.03,3.93,3.87,3.84,3.85,3.81,3.82,3.8,3.79
03/04/2026,4.18,4.17,4.09,4.1,4.08,3.95,3.91,3.9,3.86,3.84,3.85,3.82,3.81
03/03/2026,4.18,4.12,4.12,4.11,4.08,3.97,3.89,3.85,3.86,3.87,3.86,3.88,3.8
03/02/2026,4.13,4.13,4.08,4.07,4.01,3.92,3.89,3.82,3.84,3.82,3.81,3.8,3.78
02/27/2026,4.08,4.05,4.04,4.02,3.97,3.9,3.8,3.77,3.74,3.74,3.76,3.75,3.73
02/26/2026,4.11,4.13,4.12,4.08,4.0,3.94,3.85,3.85,3.82,3.82,3.81,3.79,3.77
02/25/2026,4.16,4.16,4.11,4.07,4.02,3.9,3.87,3.83,3.83,3.79,3.78,3.76,3.73
02/24/2026,4.15,4.14,4.11,4.08,4.08,3.96,3.87,3.85,3.82,3.84,3.81,3.81,3.75
02/23/2026,4.21,4.17,4.13,4.11,4.08,3.98,3.95,3.89,3.88,3.87,3.85,3.82,3.82
02/20/2026,4.15,4.15,4.11,4.08,4.05,3.96,3.87,3.84,3.83,3.81,3.81,3.77,3.74
02/19/2026,4.13,4.08,4.06,4.06,4.01,3.94,3.86,3.84,3.8,3.81,3.8,3.79,3.75
02/18/2026,4.06,4.02,4.0,3.96,3.95,3.88,3.81,3.75,3.71,3.74,3.74,3.67,3.7
02/17/2026,4.05,4.01,4.02,4.0,3.95,3.83,3.8,3.75,3.74,3.75,3.71,3.68,3.68
02/16/2026,4.08,4.01,3.98,3.96,3.91,3.83,3.74,3.75,3.7,3.7,3.66,3.65,3.63
02/13/2026,4.0,3.97,3.94,3.89,3.87,3.79,3.69,3.67,3.61,3.61,3.6,3.57,3.53
02/12/2026,4.02,3.96,3.96,3.93,3.89,3.77,3.71,3.66,3.64,3.63,3.61,3.54,3.55
02/11/2026,4.0,3.96,3.94,3.94,3.89,3.79,3.69,3.67,3.64,3.61,3.58,3.51,3.49
02/10/2026,4.03,4.0,3.98,3.98,3.91,3.8,3.73,3.68,3.64,3.62,3.63,3.58,3.58
02/09/2026,4.13,4.07,3.99,4.03,3.95,3.88,3.79,3.75,3.69,3.7,3.69,3.62,3.6
02/06/2026,4.09,4.09,4.04,4.01,4.01,3.88,3.79,3.76,3.7,3.67,3.64,3.58,3.56
02/05/2026,4.15,4.1,4.1,4.06,4.02,3.93,3.84,3.81,3.75,3.72,3.68,3.67,3.63
02/04/2026,4.18,4.12,4.11,4.07,4.04,3.9,3.83,3.82,3.77,3.75,3.69,3.66,3.64
02/03/2026,4.14,4.12,4.1,4.03,3.98,3.9,3.8,3.75,3.69,3.68,3.67,3.58,3.58
02/02/2026,4.11,4.09,4.07,4.03,3.98,3.84,3.75,3.7,3.68,3.67,3.6,3.57,3.49
01/30/2026,4.13,4.09,4.06,4.02,3.93,3.87,3.75,3.68,3.64,3.59,3.57,3.47,3.44
01/29/2026,4.16,4.1,4.07,4.03,3.98,3.87,3.76,3.73,3.65,3.62,3.58,3.51,3.44
01/28/2026,4.17,4.15,4.1,4.08,4.04,3.93,3.79,3.74,3.7,3.66,3.63,3.55,3.51
01/27/2026,4.19,4.15,4.11,4.1,4.04,3.96,3.82,3.77,3.71,3.69,3.6,3.54,3.48
01/26/2026,4.22,4.19,4.16,4.13,4.05,3.96,3.85,3.77,3.72,3.67,3.63,3.54,3.48
01/23/2026,4.19,4.14,4.11,4.05,4.04,3.91,3.83,3.77,3.66,3.65,3.58,3.52,3.49
01/22/2026,4.09,4.06,4.01,4.01,3.93,3.83,3.72,3.66,3.58,3.54,3.52,3.42,3.37
01/21/2026,4.07,4.03,3.99,3.95,3.89,3.78,3.65,3.63,3.56,3.49,3.45,3.37,3.3
01/20/2026,4.07,4.07,4.0,3.98,3.93,3.82,3.69,3.63,3.59,3.54,3.52,3.43,3.35
01/19/2026,4.05,4.0,3.97,3.98,3.9,3.78,3.66,3.6,3.55,3.51,3.47,3.39,3.36
01/16/2026,4.07,4.03,4.0,3.98,3.93,3.81,3.69,3.62,3.53,3.53,3.46,3.39,3.35
01/15/2026,4.06,4.04,4.01,3.99,3.92,3.84,3.73,3.66,3.61,3.53,3.53,3.43,3.4
01/14/2026,4.13,4.12,4.08,4.03,3.97,3.85,3.77,3.72,3.67,3.63,3.58,3.52,3.5
01/13/2026,4.14,4.09,4.06,4.01,3.97,3.92,3.82,3.77,3.72,3.69,3.7,3.62,3.57
01/12/2026,4.14,4.13,4.09,4.04,3.99,3.94,3.84,3.8,3.74,3.72,3.66,3.63,3.59
01/09/2026,4.17,4.18,4.13,4.08,4.05,3.93,3.86,3.81,3.75,3.74,3.7,3.65,3.6
01/08/2026,4.24,4.18,4.17,4.12,4.07,3.99,3.89,3.85,3.81,3.78,3.75,3.68,3.69
01/07/2026,4.21,4.17,4.17,4.1,4.08,4.0,3.89,3.86,3.82,3.82,3.75,3.74,3.7
01/06/2026,4.17,4.16,4.12,4.1,4.05,3.96,3.84,3.81,3.76,3.75,3.74,3.71,3.66
01/05/2026,4.12,4.09,4.07,4.05,4.02,3.9,3.81,3.77,3.75,3.72,3.72,3.66,3.65
01/02/2026,4.08,4.06,4.02,4.01,3.95,3.87,3.75,3.74,3.7,3.72,3.68,3.62,3.59
01/01/2026,4.05,4.0,3.99,3.96,3.88,3.82,3.77,3.67,3.66,3.63,3.65,3.59,3.57
12/31/2025,4.05,3.98,3.99,3.95,3.91,3.81,3.74,3.69,3.67,3.64,3.64,3.61,3.56
12/30/2025,4.04,4.04,3.94,3.96,3.9,3.82,3.73,3.7,3.65,3.64,3.6,3.57,3.55
12/29/2025,4.08,4.05,4.04,4.02,3.96,3.87,3.81,3.77,3.74,3.74,3.69,3.66,3.62
12/26/2025,4.1,4.1,4.07,4.02,3.99,3.89,3.83,3.8,3.78,3.77,3.76,3.74,3.75
12/25/2025,4.07,4.04,4.02,3.99,3.95,3.9,3.8,3.76,3.74,3.73,3.74,3.7,3.71
12/24/2025,4.06,4.03,4.04,4.0,3.95,3.87,3.79,3.77,3.73,3.72,3.71,3.72,3.7
12/23/2025,4.05,4.01,4.0,3.99,3.92,3.85,3.79,3.74,3.74,3.73,3.72,3.7,3.68
12/22/2025,4.13,4.11,4.12,4.03,3.99,3.89,3.81,3.78,3.77,3.76,3.73,3.73,3.69
12/19/2025,4.1,4.07,4.05,4.03,3.99,3.93,3.78,3.76,3.73,3.7,3.67,3.66,3.62
12/18/2025,4.11,4.08,4.06,4.05,3.98,3.93,3.84,3.8,3.78,3.73,3.74,3.66,3.69
12/17/2025,4.12,4.09,4.05,4.03,3.97,3.9,3.81,3.76,3.73,3.74,3.69,3.66,3.66
12/16/2025,4.15,4.11,4.07,4.06,4.0,3.9,3.81,3.79,3.76,3.74,3.7,3.69,3.65
12/15/2025,4.16,4.12,4.1,4.06,4.03,3.9,3.8,3.77,3.76,3.73,3.71,3.65,3.62
12/12/2025,4.17,4.14,4.09,4.05,4.02,3.91,3.86,3.82,3.78,3.74,3.75,3.68,3.65
12/11/2025,4.19,4.12,4.08,4.09,4.02,3.95,3.85,3.78,3.75,3.76,3.75,3.7,3.68
12/10/2025,4.19,4.19,4.13,4.1,4.06,3.99,3.86,3.86,3.85,3.81,3.78,3.73,3.7
12/09/2025,4.16,4.12,4.08,4.07,4.04,3.89,3.85,3.82,3.77,3.8,3.76,3.73,3.69
12/08/2025,4.2,4.15,4.12,4.1,4.07,3.99,3.9,3.87,3.83,3.81,3.82,3.79,3.76
12/05/2025,4.15,4.14,4.08,4.06,4.01,3.93,3.84,3.84,3.83,3.79,3.77,3.76,3.73
12/04/2025,4.16,4.11,4.09,4.08,4.02,3.93,3.83,3.78,3.8,3.79,3.75,3.72,3.71
12/03/2025,4.16,4.13,4.12,4.1,4.04,3.98,3.88,3.86,3.83,3.82,3.77,3.79,3.73
12/02/2025,4.19,4.16,4.11,4.11,4.07,3.98,3.87,3.9,3.88,3.84,3.79,3.78,3.77
12/01/2025,4.17,4.16,4.13,4.11,4.05,3.99,3.91,3.89,3.85,3.85,3.83,3.79,3.79
11/28/2025,4.24,4.2,4.15,4.13,4.09,4.02,3.92,3.9,3.89,3.86,3.87,3.83,3.79
11/27/2025,4.23,4.22,4.17,4.16,4.11,3.99,3.92,3.9,3.88,3.88,3.87,3.83,3.81
11/26/2025,4.27,4.23,4.19,4.2,4.13,4.07,3.99,3.93,3.94,3.89,3.88,3.85,3.86
11/25/2025,4.24,4.22,4.2,4.17,4.11,4.02,3.97,3.93,3.9,3.88,3.87,3.86,3.82
11/24/2025,4.16,4.17,4.11,4.11,4.05,3.95,3.87,3.86,3.87,3.8,3.83,3.78,3.78
11/21/2025,4.2,4.16,4.14,4.14,4.09,4.01,3.93,3.88,3.88,3.81,3.84,3.8,3.81
11/20/2025,4.21,4.16,4.14,4.13,4.07,3.97,3.89,3.92,3.87,3.85,3.86,3.81,3.8
11/19/2025,4.22,4.18,4.18,4.15,4.1,3.99,3.96,3.9,3.91,3.9,3.86,3.85,3.81
11/18/2025,4.16,4.15,4.15,4.08,4.05,3.96,3.9,3.86,3.83,3.8,3.8,3.78,3.77
11/17/2025,4.17,4.14,4.15,4.07,4.06,3.97,3.88,3.85,3.82,3.82,3.8,3.76,3.73
11/14/2025,4.23,4.17,4.15,4.13,4.08,4.0,3.95,3.91,3.86,3.86,3.83,3.82,3.75
11/13/2025,4.17,4.19,4.13,4.11,4.05,3.99,3.92,3.88,3.81,3.82,3.82,3.76,3.74
11/12/2025,4.22,4.2,4.16,4.17,4.09,4.01,3.93,3.89,3.86,3.85,3.82,3.82,3.8
11/11/2025,4.16,4.15,4.1,4.14,4.06,4.0,3.91,3.83,3.87,3.87,3.84,3.81,3.79
11/10/2025,4.17,4.14,4.1,4.12,4.07,4.02,3.91,3.89,3.88,3.86,3.84,3.85,3.83
11/07/2025,4.18,4.19,4.14,4.09,4.08,4.02,3.94,3.93,3.91,3.9,3.91,3.9,3.87
11/06/2025,4.18,4.18,4.16,4.14,4.09,3.99,3.91,3.91,3.87,3.88,3.87,3.87,3.85
11/05/2025,4.24,4.23,4.17,4.16,4.12,4.02,3.98,3.97,3.93,3.95,3.92,3.9,3.93
11/04/2025,4.22,4.19,4.16,4.12,4.12,4.04,3.96,3.93,3.94,3.9,3.93,3.91,3.91
11/03/2025,4.24,4.22,4.17,4.12,4.1,4.05,3.96,3.98,3.97,3.95,3.96,3.98,4.01
10/31/2025,4.29,4.22,4.21,4.22,4.17,4.1,4.04,4.02,4.02,3.97,4.02,4.01,4.03
10/30/2025,4.32,4.3,4.25,4.23,4.21,4.12,4.07,4.03,4.04,4.05,4.07,4.03,4.07
10/29/2025,4.38,4.34,4.34,4.31,4.28,4.2,4.15,4.11,4.14,4.16,4.13,4.14,4.14
10/28/2025,4.36,4.32,4.31,4.31,4.25,4.17,4.13,4.13,4.12,4.13,4.11,4.11,4.14
10/27/2025,4.36,4.33,4.32,4.3,4.25,4.18,4.14,4.13,4.1,4.13,4.14,4.1,4.13
10/24/2025,4.39,4.35,4.34,4.3,4.26,4.2,4.12,4.08,4.09,4.14,4.12,4.1,4.14
10/23/2025,4.38,4.39,4.36,4.33,4.29,4.21,4.15,4.15,4.11,4.12,4.13,4.09,4.1
10/22/2025,4.4,4.37,4.34,4.33,4.29,4.2,4.13,4.11,4.13,4.09,4.12,4.06,4.12
10/21/2025,4.4,4.38,4.36,4.35,4.28,4.23,4.18,4.15,4.12,4.15,4.12,4.15,4.15
10/20/2025,4.44,4.38,4.38,4.35,4.32,4.28,4.19,4.18,4.18,4.2,4.18,4.18,4.2
10/17/2025,4.44,4.39,4.37,4.36,4.32,4.24,4.2,4.19,4.21,4.18,4.2,4.2,4.24
10/16/2025,4.42,4.39,4.35,4.37,4.28,4.21,4.15,4.14,4.16,4.13,4.15,4.15,4.14
10/15/2025,4.41,4.39,4.36,4.32,4.3,4.22,4.17,4.13,4.13,4.12,4.13,4.12,4.12
10/14/2025,4.46,4.42,4.4,4.36,4.31,4.25,4.18,4.15,4.16,4.16,4.14,4.17,4.15
10/13/2025,4.43,4.42,4.36,4.36,4.32,4.25,4.2,4.15,4.16,4.15,4.18,4.16,4.15
10/10/2025,4.46,4.44,4.41,4.4,4.37,4.29,4.24,4.2,4.19,4.22,4.23,4.25,4.22
10/09/2025,4.48,4.44,4.43,4.37,4.37,4.3,4.22,4.2,4.22,4.23,4.25,4.21,4.25
10/08/2025,4.5,4.47,4.44,4.41,4.37,4.32,4.23,4.25,4.23,4.24,4.24,4.28,4.31
10/07/2025,4.48,4.42,4.38,4.42,4.36,4.33,4.25,4.23,4.25,4.22,4.25,4.29,4.25
10/06/2025,4.49,4.46,4.41,4.43,4.37,4.31,4.26,4.24,4.2,4.25,4.24,4.25,4.25
10/03/2025,4.49,4.44,4.43,4.41,4.39,4.34,4.28,4.25,4.28,4.24,4.27,4.28,4.29
10/02/2025,4.51,4.47,4.46,4.46,4.4,4.32,4.29,4.26,4.25,4.3,4.26,4.28,4.3
10/01/2025,4.55,4.53,4.51,4.49,4.46,4.39,4.35,4.33,4.36,4.34,4.36,4.36,4.38
09/30/2025,4.54,4.54,4.5,4.48,4.48,4.39,4.33,4.33,4.33,4.35,4.34,4.37,4.35
09/29/2025,4.54,4.51,4.52,4.48,4.45,4.37,4.33,4.34,4.32,4.34,4.34,4.36,4.33
09/26/2025,4.52,4.53,4.48,4.47,4.42,4.33,4.25,4.25,4.25,4.26,4.29,4.24,4.27
09/25/2025,4.54,4.51,4.5,4.45,4.42,4.32,4.29,4.25,4.26,4.25,4.27,4.27,4.25
09/24/2025,4.52,4.47,4.44,4.44,4.39,4.35,4.25,4.24,4.26,4.24,4.2,4.26,4.26
09/23/2025,4.5,4.49,4.42,4.44,4.41,4.32,4.28,4.27,4.26,4.29,4.24,4.28,4.3
09/22/2025,4.52,4.5,4.51,4.48,4.43,4.35,4.28,4.27,4.26,4.29,4.28,4.3,4.31
09/19/2025,4.53,4.51,4.49,4.47,4.42,4.4,4.3,4.31,4.3,4.27,4.27,4.29,4.28
09/18/2025,4.52,4.54,4.47,4.47,4.42,4.36,4.29,4.28,4.28,4.27,4.25,4.28,4.29
09/17/2025,4.57,4.54,4.5,4.46,4.46,4.4,4.33,4.28,4.32,4.28,4.28,4.28,4.27
09/16/2025,4.55,4.52,4.5,4.51,4.47,4.38,4.31,4.3,4.31,4.34,4.3,4.31,4.33
09/15/2025,4.57,4.5,4.5,4.47,4.44,4.41,4.3,4.27,4.3,4.28,4.29,4.28,4.28
09/12/2025,4.53,4.53,4.51,4.51,4.43,4.37,4.31,4.28,4.26,4.31,4.27,4.26,4.25
09/11/2025,4.56,4.5,4.5,4.46,4.42,4.34,4.25,4.24,4.27,4.25,4.21,4.26,4.26
09/10/2025,4.43,4.46,4.44,4.42,4.39,4.31,4.24,4.22,4.2,4.19,4.16,4.21,4.19
09/09/2025,4.48,4.45,4.44,4.43,4.41,4.32,4.24,4.24,4.22,4.19,4.21,4.18,4.19
09/08/2025,4.45,4.44,4.41,4.39,4.33,4.27,4.21,4.16,4.15,4.16,4.14,4.13,4.13
09/05/2025,4.41,4.39,4.35,4.34,4.3,4.21,4.14,4.14,4.11,4.1,4.1,4.1,4.13
09/04/2025,4.47,4.38,4.39,4.36,4.35,4.27,4.19,4.18,4.19,4.18,4.14,4.17,4.14
09/03/2025,4.46,4.44,4.4,4.39,4.35,4.27,4.21,4.21,4.18,4.16,4.18,4.12,4.13
09/02/2025,4.49,4.47,4.41,4.43,4.36,4.28,4.24,4.21,4.22,4.22,4.21,4.15,4.16
09/01/2025,4.49,4.48,4.43,4.44,4.39,4.29,4.25,4.22,4.24,4.22,4.23,4.25,4.23
08/29/2025,4.53,4.47,4.45,4.44,4.42,4.34,4.27,4.26,4.2,4.22,4.23,4.24,4.23
08/28/2025,4.48,4.48,4.46,4.42,4.37,4.32,4.27,4.23,4.21,4.23,4.24,4.24,4.25
08/27/2025,4.51,4.49,4.46,4.45,4.43,4.32,4.31,4.27,4.27,4.28,4.27,4.25,4.29
08/26/2025,4.55,4.53,4.48,4.45,4.44,4.36,4.33,4.31,4.27,4.28,4.28,4.29,4.32
08/25/2025,4.55,4.52,4.51,4.49,4.45,4.4,4.32,4.29,4.29,4.31,4.28,4.28,4.25
08/22/2025,4.61,4.56,4.52,4.5,4.47,4.37,4.32,4.29,4.29,4.29,4.28,4.27,4.29
08/21/2025,4.57,4.55,4.53,4.5,4.45,4.39,4.34,4.32,4.32,4.31,4.28,4.32,4.32
08/20/2025,4.58,4.56,4.53,4.5,4.48,4.39,4.35,4.36,4.36,4.33,4.36,4.39,4.37
08/19/2025,4.52,4.47,4.49,4.44,4.45,4.36,4.32,4.28,4.31,4.3,4.3,4.33,4.33
08/18/2025,4.52,4.49,4.47,4.46,4.45,4.36,4.3,4.29,4.28,4.32,4.29,4.31,4.31
08/15/2025,4.49,4.5,4.43,4.44,4.37,4.33,4.31,4.25,4.26,4.27,4.25,4.3,4.32
08/14/2025,4.53,4.51,4.45,4.46,4.44,4.37,4.31,4.31,4.31,4.32,4.35,4.35,4.36
08/13/2025,4.48,4.46,4.44,4.41,4.36,4.34,4.3,4.28,4.28,4.29,4.32,4.33,4.35
08/12/2025,4.51,4.49,4.44,4.4,4.41,4.36,4.33,4.3,4.34,4.29,4.35,4.36,4.39
08/11/2025,4.53,4.5,4.45,4.44,4.41,4.37,4.32,4.31,4.3,4.34,4.35,4.36,4.4
08/08/2025,4.48,4.47,4.44,4.43,4.42,4.35,4.29,4.27,4.3,4.32,4.32,4.37,4.35
08/07/2025,4.58,4.56,4.55,4.5,4.47,4.43,4.41,4.4,4.42,4.42,4.42,4.46,4.5
08/06/2025,4.52,4.51,4.5,4.46,4.44,4.39,4.34,4.34,4.36,4.38,4.39,4.45,4.47
08/05/2025,4.5,4.45,4.48,4.42,4.4,4.37,4.35,4.32,4.35,4.37,4.38,4.46,4.48
08/04/2025,4.54,4.52,4.49,4.46,4.44,4.37,4.35,4.34,4.4,4.41,4.43,4.46,4.53
08/01/2025,4.51,4.5,4.47,4.47,4.43,4.4,4.33,4.33,4.35,4.41,4.42,4.47,4.49
07/31/2025,4.5,4.51,4.48,4.44,4.44,4.4,4.35,4.35,4.42,4.42,4.43,4.5,4.53
07/30/2025,4.53,4.5,4.49,4.42,4.48,4.39,4.35,4.38,4.42,4.44,4.46,4.57,4.58
07/29/2025,4.58,4.56,4.55,4.52,4.52,4.42,4.42,4.42,4.48,4.49,4.52,4.6,4.64
07/28/2025,4.58,4.58,4.55,4.49,4.53,4.48,4.44,4.46,4.47,4.51,4.53,4.6,4.62
07/25/2025,4.56,4.57,4.53,4.51,4.5,4.44,4.41,4.42,4.45,4.49,4.5,4.55,4.59
07/24/2025,4.61,4.57,4.57,4.58,4.55,4.48,4.44,4.45,4.47,4.5,4.54,4.59,4.64
07/23/2025,4.65,4.6,4.59,4.6,4.54,4.48,4.49,4.47,4.5,4.52,4.58,4.6,4.62
07/22/2025,4.66,4.66,4.63,4.58,4.57,4.53,4.49,4.53,4.57,4.61,4.63,4.7,4.72
07/21/2025,4.67,4.64,4.64,4.6,4.57,4.54,4.5,4.49,4.57,4.56,4.59,4.64,4.66
07/18/2025,4.6,4.56,4.56,4.54,4.5,4.44,4.41,4.42,4.47,4.47,4.53,4.59,4.6
07/17/2025,4.58,4.6,4.58,4.53,4.54,4.48,4.48,4.45,4.5,4.55,4.56,4.64,4.69
07/16/2025,4.68,4.65,4.64,4.6,4.6,4.56,4.51,4.52,4.58,4.61,4.61,4.69,4.72
07/15/2025,4.7,4.69,4.65,4.66,4.65,4.58,4.55,4.58,4.62,4.64,4.69,4.75,4.78
07/14/2025,4.68,4.64,4.61,4.61,4.61,4.55,4.52,4.55,4.58,4.62,4.67,4.72,4.78
07/11/2025,4.66,4.67,4.64,4.61,4.63,4.57,4.53,4.57,4.6,4.6,4.66,4.77,4.78
07/10/2025,4.65,4.64,4.63,4.59,4.59,4.54,4.54,4.53,4.55,4.59,4.62,4.69,4.77
07/09/2025,4.63,4.6,4.59,4.58,4.57,4.51,4.48,4.51,4.53,4.59,4.61,4.66,4.72
07/08/2025,4.66,4.67,4.63,4.65,4.58,4.57,4.54,4.57,4.55,4.58,4.65,4.72,4.74
07/07/2025,4.66,4.67,4.65,4.63,4.6,4.54,4.54,4.54,4.59,4.6,4.66,4.72,4.78
07/04/2025,4.7,4.68,4.64,4.66,4.65,4.59,4.55,4.56,4.59,4.62,4.66,4.72,4.75
07/03/2025,4.71,4.66,4.66,4.65,4.6,4.57,4.59,4.58,4.64,4.67,4.71,4.75,4.8
07/02/2025,4.7,4.66,4.67,4.62,4.61,4.56,4.53,4.57,4.64,4.63,4.71,4.76,4.79
07/01/2025,4.7,4.67,4.65,4.62,4.61,4.58,4.59,4.57,4.62,4.64,4.66,4.75,4.8
06/30/2025,4.66,4.66,4.64,4.6,4.6,4.57,4.52,4.57,4.63,4.66,4.68,4.74,4.81
06/27/2025,4.66,4.65,4.6,4.58,4.59,4.52,4.51,4.53,4.56,4.57,4.63,4.69,4.72
06/26/2025,4.67,4.67,4.65,4.62,4.59,4.58,4.57,4.6,4.6,4.66,4.68,4.75,4.81
06/25/2025,4.65,4.61,4.6,4.58,4.59,4.51,4.51,4.51,4.54,4.59,4.59,4.67,4.75
06/24/2025,4.66,4.61,4.6,4.58,4.54,4.55,4.51,4.51,4.56,4.6,4.65,4.74,4.76
06/23/2025,4.61,4.59,4.54,4.56,4.5,4.47,4.44,4.47,4.49,4.52,4.57,4.65,4.69
06/20/2025,4.57,4.53,4.57,4.52,4.51,4.44,4.43,4.47,4.52,4.57,4.6,4.66,4.73
06/19/2025,4.54,4.51,4.5,4.5,4.51,4.44,4.41,4.45,4.48,4.51,4.6,4.65,4.71
06/18/2025,4.5,4.49,4.5,4.46,4.46,4.39,4.37,4.39,4.44,4.49,4.51,4.59,4.64
06/17/2025,4.5,4.5,4.48,4.46,4.46,4.37,4.37,4.38,4.4,4.48,4.49,4.58,4.65
06/16/2025,4.47,4.48,4.46,4.45,4.42,4.37,4.39,4.35,4.41,4.45,4.51,4.58,4.65
06/13/2025,4.51,4.5,4.46,4.44,4.46,4.42,4.39,4.41,4.43,4.49,4.53,4.59,4.65
06/12/2025,4.58,4.55,4.57,4.53,4.5,4.47,4.47,4.46,4.53,4.58,4.64,4.68,4.74
06/11/2025,4.67,4.62,4.61,4.59,4.59,4.5,4.5,4.52,4.54,4.59,4.62,4.69,4.72
06/10/2025,4.67,4.65,4.64,4.62,4.62,4.57,4.54,4.55,4.6,4.63,4.6,4.67,4.71
06/09/2025,4.69,4.65,4.63,4.63,4.62,4.56,4.52,4.52,4.61,4.63,4.65,4.69,4.74
06/06/2025,4.69,4.69,4.63,4.61,4.61,4.54,4.56,4.56,4.58,4.59,4.63,4.7,4.72
06/05/2025,4.74,4.69,4.69,4.66,4.68,4.61,4.59,4.59,4.63,4.63,4.67,4.72,4.79
06/04/2025,4.72,4.71,4.69,4.69,4.64,4.64,4.58,4.61,4.62,4.64,4.69,4.75,4.8
06/03/2025,4.72,4.7,4.69,4.63,4.64,4.6,4.56,4.57,4.6,4.63,4.66,4.7,4.73
06/02/2025,4.73,4.68,4.68,4.67,4.65,4.62,4.57,4.57,4.61,4.67,4.69,4.75,4.81
05/30/2025,4.75,4.73,4.7,4.71,4.66,4.66,4.63,4.63,4.65,4.69,4.77,4.8,4.84
05/29/2025,4.66,4.65,4.64,4.61,4.58,4.56,4.54,4.57,4.59,4.66,4.7,4.77,4.83
05/28/2025,4.69,4.67,4.67,4.65,4.62,4.6,4.55,4.57,4.65,4.65,4.71,4.73,4.79
05/27/2025,4.71,4.69,4.67,4.66,4.67,4.6,4.59,4.59,4.62,4.63,4.69,4.75,4.79
05/26/2025,4.73,4.68,4.66,4.67,4.65,4.61,4.55,4.57,4.63,4.65,4.69,4.76,4.78
05/23/2025,4.69,4.68,4.68,4.66,4.64,4.53,4.51,4.51,4.56,4.59,4.62,4.63,4.68
05/22/2025,4.76,4.72,4.69,4.68,4.66,4.62,4.57,4.59,4.56,4.59,4.63,4.69,4.74
05/21/2025,4.76,4.74,4.69,4.69,4.69,4.6,4.57,4.56,4.59,4.61,4.64,4.67,4.68
05/20/2025,4.74,4.74,4.66,4.7,4.68,4.6,4.54,4.57,4.59,4.64,4.62,4.7,4.72
05/19/2025,4.78,4.75,4.75,4.7,4.69,4.62,4.6,4.6,4.66,4.67,4.73,4.77,4.82
05/16/2025,4.8,4.79,4.75,4.76,4.73,4.65,4.66,4.68,4.71,4.71,4.77,4.81,4.87
05/15/2025,4.82,4.76,4.78,4.76,4.72,4.69,4.67,4.7,4.7,4.77,4.77,4.84,4.91
05/14/2025,4.81,4.78,4.77,4.75,4.73,4.69,4.63,4.69,4.69,4.74,4.75,4.81,4.82
05/13/2025,4.78,4.79,4.74,4.72,4.7,4.65,4.65,4.65,4.69,4.69,4.71,4.76,4.79
05/12/2025,4.73,4.69,4.67,4.66,4.63,4.59,4.61,4.58,4.62,4.65,4.7,4.79,4.81
05/09/2025,4.78,4.72,4.73,4.68,4.69,4.63,4.6,4.63,4.67,4.69,4.72,4.79,4.81
05/08/2025,4.68,4.7,4.68,4.67,4.64,4.56,4.56,4.6,4.62,4.63,4.66,4.76,4.79
05/07/2025,4.69,4.65,4.64,4.64,4.62,4.59,4.57,4.59,4.63,4.65,4.69,4.72,4.82
05/06/2025,4.63,4.64,4.62,4.59,4.58,4.53,4.49,4.53,4.55,4.57,4.63,4.69,4.73
05/05/2025,4.61,4.61,4.58,4.59,4.53,4.51,4.52,4.52,4.55,4.59,4.65,4.72,4.77
05/02/2025,4.64,4.61,4.59,4.57,4.53,4.53,4.5,4.53,4.54,4.59,4.65,4.71,4.75
05/01/2025,4.63,4.61,4.62,4.58,4.53,4.51,4.5,4.51,4.54,4.56,4.61,4.7,4.72
04/30/2025,4.58,4.56,4.54,4.52,4.48,4.48,4.44,4.49,4.53,4.53,4.59,4.64,4.67
04/29/2025,4.53,4.52,4.5,4.46,4.45,4.39,4.42,4.41,4.45,4.46,4.54,4.6,4.64
04/28/2025,4.55,4.54,4.54,4.52,4.47,4.42,4.43,4.45,4.46,4.5,4.56,4.63,4.65
04/25/2025,4.56,4.53,4.5,4.52,4.48,4.43,4.44,4.41,4.47,4.48,4.52,4.59,4.62
04/24/2025,4.55,4.5,4.5,4.46,4.43,4.4,4.38,4.41,4.41,4.45,4.49,4.54,4.59
04/23/2025,4.54,4.56,4.52,4.5,4.44,4.42,4.4,4.42,4.47,4.48,4.55,4.64,4.67
04/22/2025,4.46,4.44,4.44,4.41,4.38,4.35,4.33,4.32,4.38,4.4,4.42,4.47,4.53
04/21/2025,4.46,4.47,4.47,4.46,4.42,4.37,4.36,4.38,4.36,4.41,4.45,4.53,4.55
04/18/2025,4.48,4.51,4.44,4.47,4.41,4.36,4.35,4.36,4.42,4.44,4.47,4.54,4.56
04/17/2025,4.46,4.48,4.45,4.42,4.38,4.37,4.32,4.33,4.34,4.42,4.46,4.51,4.56
04/16/2025,4.49,4.45,4.45,4.46,4.45,4.39,4.36,4.35,4.4,4.41,4.44,4.54,4.58
04/15/2025,4.52,4.48,4.5,4.49,4.45,4.39,4.38,4.42,4.43,4.48,4.5,4.59,4.61
04/14/2025,4.52,4.52,4.5,4.46,4.44,4.4,4.41,4.4,4.41,4.45,4.46,4.56,4.59
04/11/2025,4.58,4.51,4.52,4.48,4.5,4.41,4.4,4.41,4.46,4.48,4.51,4.59,4.61
04/10/2025,4.58,4.54,4.52,4.52,4.49,4.44,4.46,4.45,4.47,4.54,4.56,4.6,4.66
04/09/2025,4.63,4.59,4.55,4.52,4.52,4.47,4.45,4.48,4.54,4.52,4.6,4.65,4.7
04/08/2025,4.6,4.57,4.57,4.53,4.54,4.46,4.43,4.45,4.48,4.51,4.56,4.63,4.65
04/07/2025,4.62,4.56,4.55,4.54,4.51,4.44,4.45,4.44,4.48,4.51,4.53,4.58,4.62
04/04/2025,4.57,4.55,4.55,4.51,4.5,4.46,4.43,4.45,4.47,4.5,4.52,4.59,4.65
04/03/2025,4.56,4.5,4.52,4.47,4.45,4.42,4.39,4.41,4.45,4.47,4.52,4.54,4.61
04/02/2025,4.55,4.54,4.51,4.51,4.47,4.41,4.43,4.43,4.43,4.46,4.52,4.56,4.6
04/01/2025,4.54,4.53,4.46,4.48,4.45,4.39,4.38,4.4,4.45,4.47,4.51,4.57,4.6
03/31/2025,4.59,4.54,4.51,4.52,4.52,4.47,4.44,4.45,4.47,4.48,4.55,4.6,4.67
03/28/2025,4.61,4.55,4.56,4.53,4.5,4.45,4.45,4.45,4.49,4.52,4.53,4.61,4.66
03/27/2025,4.54,4.53,4.5,4.51,4.49,4.46,4.42,4.43,4.49,4.48,4.51,4.58,4.61
03/26/2025,4.59,4.54,4.55,4.52,4.52,4.42,4.43,4.43,4.46,4.51,4.52,4.59,4.63
03/25/2025,4.6,4.55,4.56,4.55,4.5,4.44,4.43,4.44,4.45,4.46,4.5,4.56,4.59
03/24/2025,4.5,4.48,4.48,4.44,4.4,4.35,4.29,4.32,4.33,4.33,4.37,4.45,4.4
03/21/2025,4.51,4.46,4.44,4.41,4.4,4.37,4.28,4.3,4.34,4.34,4.37,4.4,4.42
03/20/2025,4.52,4.48,4.48,4.47,4.4,4.38,4.32,4.35,4.37,4.4,4.4,4.46,4.47
03/19/2025,4.46,4.48,4.47,4.41,4.45,4.35,4.3,4.31,4.32,4.33,4.36,4.4,4.41
03/18/2025,4.52,4.46,4.47,4.43,4.42,4.35,4.33,4.33,4.33,4.35,4.34,4.42,4.4
03/17/2025,4.47,4.43,4.42,4.42,4.36,4.33,4.25,4.28,4.28,4.29,4.31,4.32,4.33
03/14/2025,4.47,4.44,4.43,4.41,4.37,4.31,4.25,4.27,4.25,4.25,4.26,4.28,4.29
03/13/2025,4.49,4.46,4.46,4.43,4.38,4.3,4.29,4.26,4.28,4.24,4.3,4.29,4.33
03/12/2025,4.44,4.42,4.41,4.4,4.35,4.3,4.24,4.2,4.25,4.26,4.25,4.26,4.28
03/11/2025,4.46,4.41,4.44,4.39,4.36,4.28,4.26,4.24,4.24,4.29,4.28,4.29,4.29
03/10/2025,4.46,4.44,4.4,4.36,4.37,4.27,4.23,4.21,4.21,4.22,4.23,4.31,4.29
03/07/2025,4.45,4.41,4.44,4.38,4.36,4.31,4.27,4.24,4.23,4.26,4.24,4.28,4.27
03/06/2025,4.5,4.42,4.42,4.4,4.39,4.3,4.25,4.23,4.23,4.27,4.26,4.29,4.3
03/05/2025,4.48,4.46,4.43,4.43,4.38,4.32,4.27,4.29,4.26,4.25,4.33,4.3,4.33
03/04/2025,4.45,4.45,4.41,4.39,4.35,4.33,4.26,4.25,4.24,4.26,4.29,4.29,4.3
03/03/2025,4.46,4.42,4.41,4.4,4.36,4.3,4.23,4.24,4.27,4.26,4.27,4.3,4.32
02/28/2025,4.47,4.47,4.49,4.43,4.38,4.31,4.29,4.28,4.27,4.27,4.3,4.34,4.33
02/27/2025,4.45,4.46,4.43,4.42,4.36,4.28,4.25,4.24,4.24,4.25,4.25,4.27,4.27
02/26/2025,4.48,4.43,4.46,4.42,4.4,4.34,4.27,4.3,4.31,4.26,4.29,4.34,4.36
02/25/2025,4.49,4.45,4.41,4.41,4.38,4.31,4.28,4.26,4.29,4.28,4.34,4.36,4.39
02/24/2025,4.47,4.41,4.37,4.38,4.34,4.33,4.29,4.26,4.28,4.32,4.32,4.35,4.4
02/21/2025,4.49,4.43,4.43,4.43,4.41,4.34,4.29,4.27,4.29,4.33,4.34,4.36,4.42
02/20/2025,4.47,4.44,4.42,4.38,4.39,4.28,4.28,4.28,4.31,4.3,4.35,4.38,4.44
02/19/2025,4.45,4.43,4.41,4.38,4.36,4.3,4.27,4.29,4.29,4.33,4.33,4.39,4.39
02/18/2025,4.45,4.44,4.42,4.38,4.37,4.33,4.27,4.29,4.28,4.32,4.34,4.38,4.41
02/17/2025,4.44,4.42,4.38,4.35,4.35,4.29,4.2,4.26,4.24,4.26,4.27,4.29,4.3
02/14/2025,4.49,4.44,4.44,4.43,4.39,4.32,4.26,4.27,4.29,4.3,4.3,4.35,4.37
02/13/2025,4.47,4.47,4.41,4.41,4.38,4.33,4.27,4.31,4.3,4.3,4.34,4.37,4.39
02/12/2025,4.54,4.47,4.49,4.48,4.43,4.39,4.32,4.32,4.41,4.35,4.4,4.41,4.45
02/11/2025,4.49,4.49,4.46,4.41,4.39,4.35,4.29,4.32,4.34,4.36,4.38,4.43,4.43
02/10/2025,4.46,4.44,4.47,4.45,4.39,4.3,4.29,4.27,4.3,4.29,4.32,4.34,4.38
02/07/2025,4.48,4.44,4.43,4.44,4.38,4.32,4.3,4.27,4.3,4.36,4.33,4.34,4.41
02/06/2025,4.49,4.46,4.45,4.42,4.39,4.34,4.32,4.32,4.31,4.35,4.38,4.4,4.43
02/05/2025,4.47,4.44,4.4,4.4,4.37,4.34,4.28,4.31,4.34,4.34,4.35,4.39,4.44
02/04/2025,4.44,4.4,4.41,4.38,4.32,4.32,4.24,4.26,4.23,4.29,4.33,4.35,4.36
02/03/2025,4.43,4.38,4.4,4.35,4.34,4.27,4.26,4.22,4.25,4.27,4.3,4.32,4.36
01/31/2025,4.44,4.39,4.39,4.35,4.34,4.27,4.21,4.25,4.25,4.26,4.29,4.32,4.36
01/30/2025,4.41,4.4,4.39,4.34,4.32,4.29,4.24,4.24,4.25,4.27,4.28,4.32,4.34
01/29/2025,4.41,4.4,4.39,4.37,4.31,4.27,4.25,4.21,4.23,4.27,4.3,4.33,4.31
01/28/2025,4.39,4.36,4.32,4.33,4.27,4.21,4.19,4.19,4.19,4.21,4.22,4.24,4.29
01/27/2025,4.38,4.34,4.33,4.33,4.29,4.24,4.18,4.17,4.19,4.21,4.2,4.22,4.25
01/24/2025,4.39,4.35,4.33,4.34,4.27,4.24,4.22,4.2,4.2,4.21,4.23,4.25,4.29
01/23/2025,4.43,4.4,4.38,4.37,4.33,4.28,4.23,4.24,4.26,4.26,4.27,4.27,4.35
01/22/2025,4.35,4.34,4.33,4.3,4.29,4.23,4.16,4.18,4.21,4.23,4.22,4.26,4.24
01/21/2025,4.35,4.34,4.32,4.3,4.24,4.21,4.18,4.18,4.19,4.2,4.2,4.24,4.29
01/20/2025,4.44,4.42,4.41,4.34,4.34,4.28,4.25,4.21,4.26,4.25,4.27,4.3,4.32
01/17/2025,4.38,4.36,4.33,4.29,4.27,4.22,4.2,4.15,4.19,4.22,4.24,4.28,4.24
01/16/2025,4.34,4.32,4.3,4.26,4.23,4.22,4.16,4.17,4.18,4.23,4.22,4.26,4.32
01/15/2025,4.31,4.29,4.28,4.25,4.22,4.15,4.13,4.17,4.13,4.18,4.17,4.21,4.21
01/14/2025,4.38,4.33,4.32,4.3,4.25,4.19,4.17,4.14,4.16,4.15,4.2,4.19,4.25
01/13/2025,4.38,4.35,4.33,4.3,4.29,4.21,4.17,4.17,4.16,4.18,4.18,4.24,4.22
01/10/2025,4.39,4.36,4.34,4.31,4.28,4.26,4.22,4.16,4.18,4.23,4.23,4.28,4.28
01/09/2025,4.41,4.38,4.34,4.31,4.3,4.23,4.18,4.2,4.19,4.26,4.27,4.3,4.33
01/08/2025,4.44,4.44,4.39,4.39,4.34,4.28,4.27,4.25,4.26,4.25,4.29,4.34,4.35
01/07/2025,4.48,4.42,4.44,4.4,4.37,4.3,4.27,4.28,4.25,4.26,4.29,4.33,4.34
01/06/2025,4.44,4.43,4.41,4.39,4.38,4.32,4.28,4.27,4.29,4.29,4.33,4.37,4.4
01/03/2025,4.44,4.45,4.43,4.41,4.39,4.32,4.3,4.3,4.34,4.39,4.38,4.44,4.47
01/02/2025,4.45,4.41,4.44,4.41,4.36,4.33,4.3,4.28,4.35,4.33,4.38,4.44,4.48
01/01/2025,4.42,4.41,4.41,4.4,4.37,4.3,4.27,4.3,4.32,4.32,4.38,4.43,4.47
12/31/2024,4.43,4.41,4.4,4.38,4.4,4.3,4.28,4.28,4.34,4.32,4.35,4.41,4.43
12/30/2024,4.41,4.41,4.41,4.41,4.35,4.32,4.29,4.33,4.33,4.36,4.41,4.47,4.51
12/27/2024,4.46,4.42,4.41,4.46,4.38,4.34,4.35,4.36,4.37,4.41,4.46,4.54,4.57
12/26/2024,4.45,4.41,4.42,4.37,4.38,4.32,4.31,4.33,4.35,4.39,4.44,4.5,4.55
12/25/2024,4.46,4.44,4.42,4.37,4.36,4.33,4.3,4.33,4.34,4.37,4.38,4.43,4.47
12/24/2024,4.41,4.39,4.37,4.35,4.33,4.29,4.28,4.25,4.31,4.33,4.32,4.38,4.43
12/23/2024,4.43,4.43,4.41,4.4,4.36,4.34,4.29,4.31,4.36,4.41,4.41,4.51,4.55
12/20/2024,4.45,4.45,4.43,4.43,4.37,4.34,4.32,4.35,4.37,4.43,4.45,4.52,4.55
12/19/2024,4.45,4.46,4.43,4.42,4.37,4.36,4.29,4.35,4.42,4.44,4.46,4.5,4.57
12/18/2024,4.46,4.46,4.45,4.43,4.38,4.38,4.34,4.36,4.39,4.41,4.47,4.54,4.56
12/17/2024,4.45,4.43,4.42,4.42,4.38,4.35,4.31,4.33,4.38,4.41,4.46,4.49,4.58
12/16/2024,4.45,4.42,4.41,4.36,4.33,4.32,4.28,4.29,4.32,4.34,4.41,4.42,4.52
12/13/2024,4.46,4.42,4.44,4.39,4.33,4.3,4.28,4.28,4.28,4.32,4.35,4.37,4.44
12/12/2024,4.41,4.44,4.39,4.38,4.37,4.31,4.28,4.28,4.31,4.35,4.36,4.4,4.42
12/11/2024,4.48,4.44,4.43,4.44,4.41,4.33,4.31,4.33,4.38,4.38,4.44,4.48,4.51
12/10/2024,4.46,4.45,4.44,4.41,4.38,4.32,4.35,4.32,4.37,4.41,4.45,4.51,4.56
12/09/2024,4.49,4.46,4.44,4.44,4.43,4.39,4.36,4.36,4.4,4.41,4.41,4.5,4.54
12/06/2024,4.51,4.49,4.46,4.43,4.43,4.37,4.34,4.36,4.42,4.43,4.45,4.53,4.57
12/05/2024,4.48,4.44,4.45,4.46,4.41,4.36,4.34,4.34,4.36,4.39,4.43,4.45,4.49
12/04/2024,4.52,4.47,4.47,4.5,4.45,4.4,4.36,4.37,4.41,4.44,4.46,4.52,4.54
12/03/2024,4.52,4.49,4.45,4.48,4.42,4.36,4.36,4.34,4.38,4.38,4.39,4.48,4.51
12/02/2024,4.53,4.45,4.48,4.46,4.46,4.38,4.35,4.34,4.42,4.43,4.42,4.49,4.54
11/29/2024,4.58,4.54,4.51,4.51,4.48,4.42,4.4,4.39,4.44,4.45,4.47,4.54,4.56
11/28/2024,4.53,4.53,4.49,4.5,4.47,4.4,4.37,4.4,4.42,4.45,4.46,4.54,4.52
11/27/2024,4.59,4.55,4.54,4.53,4.46,4.41,4.39,4.39,4.4,4.45,4.46,4.48,4.52
11/26/2024,4.56,4.53,4.52,4.48,4.49,4.46,4.43,4.38,4.44,4.45,4.47,4.5,4.55
11/25/2024,4.56,4.57,4.53,4.51,4.49,4.43,4.41,4.41,4.44,4.47,4.49,4.53,4.59
11/22/2024,4.61,4.59,4.54,4.52,4.51,4.44,4.43,4.42,4.44,4.5,4.55,4.56,4.59
11/21/2024,4.61,4.6,4.55,4.54,4.53,4.47,4.47,4.49,4.51,4.54,4.57,4.63,4.68
11/20/2024,4.63,4.61,4.58,4.56,4.5,4.46,4.46,4.48,4.49,4.5,4.56,4.59,4.63
11/19/2024,4.64,4.6,4.6,4.61,4.58,4.53,4.51,4.49,4.53,4.52,4.56,4.59,4.63
11/18/2024,4.68,4.66,4.63,4.63,4.59,4.55,4.53,4.54,4.57,4.6,4.61,4.69,4.72
11/15/2024,4.67,4.61,4.63,4.59,4.57,4.54,4.53,4.52,4.56,4.57,4.63,4.68,4.7
11/14/2024,4.66,4.62,4.64,4.62,4.59,4.54,4.54,4.56,4.6,4.64,4.69,4.73,4.8
11/13/2024,4.64,4.64,4.62,4.62,4.61,4.56,4.55,4.54,4.6,4.65,4.66,4.76,4.81
11/12/2024,4.63,4.63,4.61,4.61,4.57,4.51,4.53,4.53,4.57,4.63,4.66,4.74,4.77
11/11/2024,4.69,4.66,4.62,4.59,4.59,4.53,4.56,4.55,4.59,4.61,4.66,4.78,4.77
11/08/2024,4.68,4.66,4.65,4.62,4.61,4.56,4.55,4.58,4.61,4.64,4.7,4.78,4.83
11/07/2024,4.64,4.6,4.61,4.62,4.58,4.55,4.55,4.55,4.63,4.66,4.71,4.77,4.81
11/06/2024,4.65,4.59,4.59,4.58,4.53,4.5,4.52,4.54,4.62,4.63,4.69,4.8,4.82
11/05/2024,4.59,4.59,4.58,4.57,4.56,4.5,4.53,4.52,4.59,4.58,4.67,4.76,4.8
11/04/2024,4.64,4.63,4.6,4.61,4.56,4.55,4.52,4.54,4.59,4.61,4.67,4.77,4.8
11/01/2024,4.59,4.62,4.59,4.58,4.55,4.51,4.51,4.55,4.6,4.61,4.68,4.75,4.79
10/31/2024,4.64,4.61,4.59,4.58,4.56,4.56,4.52,4.54,4.59,4.59,4.65,4.71,4.76
10/30/2024,4.65,4.61,4.6,4.57,4.57,4.52,4.5,4.52,4.5,4.56,4.57,4.66,4.69
10/29/2024,4.58,4.58,4.55,4.56,4.49,4.46,4.47,4.45,4.49,4.58,4.58,4.65,4.69
10/28/2024,4.64,4.59,4.58,4.59,4.58,4.49,4.49,4.52,4.54,4.57,4.62,4.68,4.73
10/25/2024,4.64,4.6,4.59,4.59,4.57,4.5,4.51,4.49,4.49,4.56,4.6,4.64,4.69
10/24/2024,4.61,4.61,4.56,4.57,4.56,4.5,4.5,4.48,4.51,4.56,4.58,4.66,4.67
10/23/2024,4.64,4.63,4.6,4.62,4.56,4.52,4.48,4.53,4.53,4.57,4.64,4.67,4.7
10/22/2024,4.67,4.63,4.6,4.58,4.55,4.53,4.5,4.51,4.56,4.56,4.6,4.66,4.73
10/21/2024,4.63,4.61,4.59,4.57,4.53,4.49,4.49,4.5,4.55,4.57,4.62,4.69,4.7
10/18/2024,4.6,4.57,4.58,4.53,4.51,4.45,4.45,4.51,4.55,4.55,4.61,4.7,4.75
10/17/2024,4.65,4.62,4.6,4.59,4.56,4.5,4.5,4.54,4.57,4.58,4.64,4.71,4.76
10/16/2024,4.62,4.58,4.59,4.56,4.55,4.49,4.48,4.54,4.59,4.59,4.62,4.74,4.8
10/15/2024,4.61,4.58,4.58,4.57,4.58,4.5,4.48,4.51,4.54,4.58,4.63,4.72,4.75
10/14/2024,4.59,4.59,4.55,4.55,4.51,4.47,4.48,4.51,4.54,4.6,4.61,4.71,4.75
10/11/2024,4.61,4.6,4.61,4.57,4.55,4.5,4.5,4.52,4.56,4.61,4.64,4.7,4.79
10/10/2024,4.63,4.6,4.59,4.58,4.57,4.51,4.53,4.52,4.58,4.61,4.67,4.73,4.79
10/09/2024,4.67,4.66,4.62,4.62,4.6,4.53,4.55,4.55,4.58,4.64,4.65,4.72,4.77
10/08/2024,4.63,4.59,4.61,4.58,4.56,4.49,4.5,4.5,4.55,4.59,4.63,4.69,4.76
10/07/2024,4.63,4.59,4.63,4.59,4.57,4.54,4.51,4.56,4.56,4.62,4.66,4.73,4.78
10/04/2024,4.61,4.6,4.58,4.56,4.55,4.51,4.55,4.54,4.54,4.6,4.64,4.74,4.78
10/03/2024,4.66,4.63,4.63,4.62,4.6,4.56,4.56,4.63,4.68,4.7,4.74,4.87,4.91
10/02/2024,4.62,4.6,4.59,4.56,4.57,4.54,4.5,4.56,4.58,4.68,4.72,4.79,4.88
10/01/2024,4.65,4.61,4.64,4.61,4.6,4.54,4.56,4.59,4.66,4.7,4.75,4.86,4.88
09/30/2024,4.63,4.67,4.63,4.64,4.61,4.55,4.55,4.57,4.65,4.69,4.73,4.83,4.9
09/27/2024,4.65,4.62,4.63,4.61,4.6,4.56,4.56,4.6,4.64,4.7,4.73,4.87,4.88
09/26/2024,4.68,4.62,4.64,4.61,4.6,4.57,4.59,4.61,4.67,4.71,4.78,4.87,4.94
09/25/2024,4.66,4.65,4.64,4.65,4.63,4.59,4.6,4.63,4.71,4.75,4.8,4.89,4.98
09/24/2024,4.65,4.6,4.61,4.62,4.56,4.56,4.59,4.61,4.66,4.71,4.78,4.85,4.97
09/23/2024,4.68,4.67,4.64,4.61,4.61,4.61,4.6,4.63,4.71,4.74,4.76,4.92,4.95
09/20/2024,4.67,4.67,4.65,4.62,4.64,4.59,4.62,4.63,4.68,4.72,4.76,4.91,4.95
09/19/2024,4.77,4.73,4.71,4.69,4.71,4.64,4.66,4.71,4.78,4.83,4.87,4.99,5.05
09/18/2024,4.76,4.71,4.7,4.69,4.68,4.61,4.68,4.71,4.79,4.81,4.87,5.01,5.06
09/17/2024,4.76,4.7,4.7,4.72,4.7,4.68,4.68,4.72,4.78,4.83,4.9,5.0,5.06
09/16/2024,4.75,4.77,4.75,4.75,4.72,4.69,4.7,4.76,4.81,4.87,4.93,5.02,5.12
09/13/2024,4.77,4.79,4.77,4.75,4.72,4.74,4.73,4.78,4.84,4.89,4.97,5.05,5.13
09/12/2024,4.79,4.77,4.77,4.73,4.74,4.7,4.7,4.74,4.81,4.86,4.91,5.02,5.11
09/11/2024,4.83,4.77,4.8,4.75,4.74,4.71,4.71,4.74,4.79,4.84,4.88,5.03,5.07
09/10/2024,4.84,4.83,4.78,4.83,4.77,4.75,4.75,4.8,4.83,4.9,4.93,5.07,5.12
09/09/2024,4.85,4.8,4.82,4.81,4.75,4.76,4.75,4.81,4.85,4.91,4.97,5.07,5.14
09/06/2024,4.78,4.79,4.75,4.74,4.73,4.72,4.68,4.74,4.79,4.84,4.88,5.01,5.07
09/05/2024,4.73,4.73,4.71,4.71,4.68,4.66,4.65,4.66,4.73,4.74,4.82,4.9,4.96
09/04/2024,4.72,4.74,4.7,4.66,4.69,4.64,4.63,4.67,4.71,4.73,4.78,4.84,4.91
09/03/2024,4.67,4.67,4.63,4.67,4.6,4.61,4.57,4.63,4.63,4.71,4.71,4.83,4.89
09/02/2024,4.71,4.68,4.67,4.68,4.68,4.62,4.59,4.62,4.69,4.75,4.75,4.82,4.9
08/30/2024,4.77,4.75,4.72,4.71,4.69,4.65,4.64,4.64,4.7,4.72,4.79,4.87,4.89
08/29/2024,4.76,4.73,4.71,4.69,4.65,4.64,4.62,4.63,4.65,4.69,4.77,4.83,4.86
08/28/2024,4.81,4.77,4.74,4.75,4.76,4.68,4.68,4.64,4.71,4.76,4.77,4.86,4.9
08/27/2024,4.78,4.73,4.73,4.72,4.67,4.64,4.64,4.65,4.67,4.69,4.7,4.81,4.85
08/26/2024,4.79,4.76,4.73,4.71,4.69,4.63,4.62,4.61,4.67,4.69,4.74,4.8,4.84
08/23/2024,4.77,4.73,4.71,4.7,4.68,4.62,4.61,4.6,4.65,4.66,4.75,4.74,4.82
08/22/2024,4.8,4.78,4.77,4.73,4.7,4.68,4.65,4.67,4.7,4.75,4.76,4.82,4.87
08/21/2024,4.77,4.76,4.75,4.74,4.71,4.65,4.64,4.63,4.68,4.69,4.73,4.78,4.87
08/20/2024,4.76,4.75,4.71,4.69,4.68,4.67,4.64,4.66,4.72,4.77,4.77,4.86,4.93
08/19/2024,4.68,4.69,4.65,4.67,4.63,4.61,4.57,4.63,4.66,4.69,4.73,4.81,4.87
08/16/2024,4.77,4.73,4.75,4.74,4.69,4.67,4.63,4.69,4.7,4.76,4.79,4.85,4.92
08/15/2024,4.76,4.75,4.73,4.71,4.7,4.66,4.66,4.66,4.72,4.74,4.74,4.85,4.9
08/14/2024,4.8,4.77,4.74,4.75,4.71,4.69,4.65,4.68,4.71,4.75,4.77,4.84,4.89
08/13/2024,4.75,4.76,4.73,4.71,4.7,4.64,4.64,4.63,4.71,4.73,4.75,4.8,4.86
08/12/2024,4.77,4.73,4.71,4.73,4.67,4.63,4.62,4.64,4.67,4.73,4.78,4.81,4.86
08/09/2024,4.74,4.71,4.7,4.67,4.66,4.63,4.58,4.62,4.65,4.67,4.71,4.79,4.84
08/08/2024,4.75,4.72,4.7,4.68,4.67,4.65,4.6,4.64,4.68,4.7,4.77,4.8,4.84
08/07/2024,4.74,4.71,4.72,4.69,4.66,4.64,4.6,4.6,4.67,4.69,4.72,4.79,4.82
08/06/2024,4.74,4.7,4.72,4.68,4.68,4.63,4.6,4.63,4.68,4.68,4.72,4.83,4.83
08/05/2024,4.72,4.73,4.69,4.7,4.66,4.63,4.6,4.64,4.65,4.71,4.73,4.81,4.88
08/02/2024,4.77,4.74,4.72,4.69,4.7,4.67,4.63,4.65,4.71,4.72,4.75,4.82,4.89
08/01/2024,4.72,4.67,4.68,4.63,4.65,4.6,4.6,4.62,4.69,4.7,4.77,4.82,4.89
07/31/2024,4.71,4.71,4.68,4.65,4.64,4.6,4.58,4.6,4.62,4.66,4.71,4.8,4.85
07/30/2024,4.68,4.66,4.64,4.61,4.6,4.54,4.54,4.56,4.56,4.63,4.66,4.75,4.8
07/29/2024,4.7,4.68,4.68,4.63,4.61,4.58,4.57,4.58,4.64,4.68,4.73,4.79,4.87
07/26/2024,4.7,4.69,4.68,4.67,4.65,4.6,4.6,4.6,4.65,4.65,4.71,4.79,4.84
07/25/2024,4.72,4.7,4.68,4.67,4.67,4.59,4.58,4.6,4.63,4.66,4.69,4.74,4.79
07/24/2024,4.73,4.69,4.66,4.64,4.63,4.55,4.53,4.57,4.58,4.62,4.63,4.71,4.73
07/23/2024,4.8,4.74,4.69,4.69,4.66,4.64,4.6,4.61,4.65,4.63,4.68,4.69,4.77
07/22/2024,4.78,4.77,4.72,4.76,4.71,4.65,4.63,4.62,4.68,4.71,4.7,4.75,4.79
07/19/2024,4.71,4.72,4.69,4.7,4.7,4.61,4.62,4.59,4.65,4.66,4.71,4.74,4.81
07/18/2024,4.73,4.72,4.71,4.68,4.66,4.62,4.59,4.64,4.7,4.7,4.76,4.83,4.86
07/17/2024,4.71,4.69,4.67,4.67,4.67,4.64,4.61,4.65,4.7,4.7,4.76,4.86,4.92
07/16/2024,4.76,4.75,4.71,4.72,4.7,4.65,4.64,4.66,4.73,4.75,4.8,4.9,4.97
07/15/2024,4.75,4.74,4.78,4.73,4.69,4.68,4.67,4.7,4.73,4.77,4.85,4.95,5.0
07/12/2024,4.81,4.81,4.75,4.73,4.73,4.7,4.67,4.71,4.77,4.81,4.85,4.91,5.01
07/11/2024,4.77,4.75,4.72,4.71,4.72,4.66,4.65,4.65,4.71,4.72,4.77,4.86,4.91
07/10/2024,4.72,4.68,4.68,4.66,4.63,4.59,4.6,4.61,4.61,4.66,4.7,4.78,4.85
07/09/2024,4.65,4.65,4.64,4.6,4.61,4.54,4.5,4.51,4.55,4.62,4.63,4.7,4.73
07/08/2024,4.66,4.64,4.59,4.62,4.57,4.55,4.54,4.53,4.57,4.61,4.63,4.72,4.76
07/05/2024,4.65,4.61,4.6,4.57,4.52,4.51,4.48,4.51,4.52,4.57,4.61,4.68,4.72
07/04/2024,4.57,4.58,4.58,4.53,4.51,4.5,4.44,4.43,4.51,4.49,4.56,4.63,4.62
07/03/2024,4.63,4.63,4.57,4.59,4.55,4.51,4.46,4.52,4.53,4.55,4.59,4.65,4.67
07/02/2024,4.59,4.58,4.57,4.54,4.51,4.48,4.49,4.43,4.47,4.51,4.54,4.58,4.61
07/01/2024,4.61,4.6,4.54,4.6,4.51,4.46,4.44,4.43,4.46,4.49,4.49,4.56,4.58
06/28/2024,4.63,4.62,4.61,4.57,4.56,4.5,4.47,4.46,4.47,4.5,4.5,4.5,4.58
06/27/2024,4.61,4.62,4.56,4.56,4.56,4.48,4.42,4.42,4.43,4.47,4.47,4.5,4.52
06/26/2024,4.58,4.6,4.54,4.53,4.52,4.46,4.38,4.41,4.38,4.44,4.45,4.46,4.5
06/25/2024,4.6,4.58,4.54,4.56,4.51,4.45,4.4,4.42,4.42,4.46,4.47,4.51,4.56
06/24/2024,4.65,4.61,4.57,4.56,4.54,4.49,4.46,4.47,4.44,4.5,4.5,4.55,4.59
06/21/2024,4.64,4.63,4.63,4.6,4.59,4.52,4.45,4.5,4.5,4.55,4.56,4.6,4.61
06/20/2024,4.63,4.61,4.58,4.6,4.55,4.51,4.43,4.44,4.47,4.48,4.51,4.52,4.58
06/19/2024,4.62,4.56,4.59,4.57,4.54,4.46,4.42,4.43,4.45,4.47,4.5,4.5,4.53
06/18/2024,4.64,4.6,4.62,4.6,4.56,4.49,4.49,4.48,4.49,4.51,4.53,4.58,4.58
06/17/2024,4.64,4.6,4.59,4.6,4.56,4.49,4.45,4.44,4.5,4.5,4.55,4.55,4.63
06/14/2024,4.64,4.63,4.6,4.59,4.57,4.5,4.48,4.51,4.5,4.56,4.6,4.63,4.67
06/13/2024,4.66,4.62,4.59,4.6,4.57,4.51,4.49,4.48,4.49,4.54,4.55,4.64,4.63
06/12/2024,4.66,4.64,4.64,4.61,4.58,4.54,4.51,4.51,4.55,4.58,4.59,4.62,4.64
06/11/2024,4.7,4.69,4.65,4.62,4.61,4.54,4.53,4.52,4.58,4.58,4.61,4.66,4.71
06/10/2024,4.73,4.71,4.68,4.66,4.66,4.57,4.57,4.55,4.57,4.56,4.6,4.65,4.7
06/07/2024,4.72,4.68,4.64,4.64,4.59,4.53,4.55,4.54,4.52,4.56,4.58,4.61,4.67
06/06/2024,4.68,4.67,4.66,4.68,4.62,4.54,4.49,4.48,4.53,4.51,4.54,4.61,4.63
06/05/2024,4.7,4.69,4.66,4.63,4.6,4.54,4.51,4.51,4.5,4.54,4.57,4.62,4.6
06/04/2024,4.71,4.64,4.64,4.62,4.6,4.54,4.5,4.52,4.51,4.54,4.52,4.62,4.62
06/03/2024,4.63,4.62,4.61,4.55,4.55,4.51,4.51,4.45,4.47,4.48,4.53,4.54,4.57
05/31/2024,4.62,4.6,4.58,4.56,4.55,4.48,4.45,4.46,4.46,4.49,4.53,4.56,4.58
05/30/2024,4.64,4.61,4.58,4.56,4.53,4.47,4.45,4.42,4.47,4.45,4.46,4.54,4.56
05/29/2024,4.6,4.6,4.55,4.57,4.5,4.45,4.41,4.4,4.41,4.39,4.42,4.44,4.46
05/28/2024,4.64,4.6,4.58,4.55,4.5,4.45,4.44,4.38,4.41,4.43,4.43,4.44,4.45
05/27/2024,4.64,4.61,4.57,4.59,4.54,4.5,4.4,4.41,4.39,4.41,4.42,4.44,4.45
05/24/2024,4.68,4.67,4.61,4.59,4.56,4.53,4.45,4.44,4.46,4.45,4.42,4.44,4.45
05/23/2024,4.7,4.67,4.62,4.63,4.58,4.52,4.47,4.47,4.46,4.47,4.5,4.53,4.5
05/22/2024,4.67,4.65,4.64,4.6,4.59,4.52,4.46,4.46,4.46,4.47,4.47,4.49,4.49
05/21/2024,4.71,4.65,4.66,4.64,4.61,4.56,4.5,4.47,4.5,4.5,4.52,4.54,4.51
05/20/2024,4.66,4.67,4.65,4.61,4.58,4.51,4.45,4.45,4.44,4.45,4.44,4.44,4.48
05/17/2024,4.7,4.69,4.65,4.61,4.56,4.51,4.45,4.46,4.48,4.44,4.48,4.49,4.51
05/16/2024,4.7,4.67,4.63,4.62,4.54,4.5,4.48,4.46,4.48,4.48,4.49,4.53,4.52
05/15/2024,4.7,4.71,4.66,4.66,4.63,4.59,4.54,4.54,4.52,4.55,4.58,4.6,4.61
05/14/2024,4.66,4.67,4.65,4.63,4.62,4.52,4.5,4.51,4.52,4.53,4.53,4.59,4.6
05/13/2024,4.74,4.72,4.68,4.66,4.64,4.57,4.53,4.53,4.52,4.55,4.57,4.62,4.61
05/10/2024,4.67,4.69,4.62,4.64,4.59,4.53,4.51,4.49,4.48,4.5,4.51,4.53,4.55
05/09/2024,4.69,4.66,4.61,4.63,4.58,4.51,4.46,4.45,4.46,4.47,4.51,4.51,4.56
05/08/2024,4.67,4.66,4.64,4.6,4.57,4.5,4.45,4.48,4.47,4.48,4.44,4.51,4.49
05/07/2024,4.7,4.63,4.63,4.59,4.55,4.48,4.43,4.44,4.44,4.43,4.4,4.45,4.47
05/06/2024,4.61,4.58,4.59,4.55,4.5,4.47,4.39,4.39,4.38,4.36,4.37,4.42,4.41
05/03/2024,4.62,4.6,4.59,4.58,4.53,4.46,4.42,4.4,4.39,4.39,4.39,4.44,4.41
05/02/2024,4.59,4.57,4.52,4.52,4.47,4.41,4.33,4.33,4.35,4.32,4.32,4.36,4.38
05/01/2024,4.65,4.62,4.59,4.56,4.53,4.44,4.41,4.38,4.39,4.36,4.37,4.38,4.35
04/30/2024,4.66,4.59,4.57,4.55,4.52,4.47,4.41,4.38,4.42,4.38,4.37,4.38,4.42
04/29/2024,4.59,4.57,4.54,4.54,4.51,4.42,4.35,4.35,4.35,4.35,4.33,4.34,4.35
04/26/2024,4.58,4.57,4.55,4.52,4.5,4.41,4.36,4.32,4.33,4.34,4.32,4.31,4.31
04/25/2024,4.63,4.58,4.56,4.52,4.51,4.42,4.36,4.33,4.36,4.34,4.32,4.31,4.32
04/24/2024,4.69,4.66,4.58,4.56,4.55,4.47,4.42,4.39,4.37,4.33,4.37,4.39,4.36
04/23/2024,4.6,4.58,4.56,4.52,4.47,4.39,4.33,4.32,4.3,4.29,4.34,4.34,4.3
04/22/2024,4.64,4.58,4.56,4.54,4.49,4.46,4.38,4.38,4.35,4.34,4.39,4.35,4.35
04/19/2024,4.62,4.64,4.61,4.56,4.54,4.49,4.42,4.38,4.39,4.36,4.38,4.4,4.41
04/18/2024,4.69,4.65,4.61,4.61,4.59,4.52,4.41,4.4,4.41,4.42,4.38,4.4,4.38
04/17/2024,4.69,4.65,4.61,4.59,4.57,4.48,4.46,4.41,4.42,4.41,4.4,4.42,4.4
04/16/2024,4.66,4.65,4.62,4.61,4.56,4.49,4.42,4.44,4.42,4.4,4.38,4.38,4.38
04/15/2024,4.66,4.67,4.63,4.61,4.58,4.5,4.41,4.41,4.37,4.35,4.36,4.35,4.33
04/12/2024,4.67,4.63,4.64,4.63,4.58,4.46,4.43,4.39,4.36,4.36,4.36,4.36,4.34
04/11/2024,4.65,4.62,4.6,4.58,4.54,4.46,4.39,4.34,4.35,4.36,4.33,4.3,4.3
04/10/2024,4.67,4.61,4.64,4.6,4.58,4.48,4.39,4.38,4.36,4.35,4.35,4.32,4.3
04/09/2024,4.73,4.71,4.64,4.7,4.62,4.55,4.46,4.42,4.41,4.39,4.39,4.37,4.37
04/08/2024,4.69,4.67,4.64,4.59,4.59,4.49,4.43,4.38,4.34,4.36,4.37,4.33,4.32
04/05/2024,4.65,4.61,4.56,4.58,4.54,4.47,4.38,4.38,4.31,4.31,4.31,4.3,4.28
04/04/2024,4.62,4.63,4.59,4.55,4.51,4.42,4.35,4.34,4.33,4.31,4.31,4.3,4.29
04/03/2024,4.63,4.62,4.58,4.54,4.49,4.45,4.36,4.34,4.3,4.33,4.33,4.31,4.31
04/02/2024,4.61,4.61,4.54,4.55,4.49,4.42,4.34,4.32,4.32,4.32,4.27,4.26,4.26
04/01/2024,4.62,4.59,4.56,4.54,4.48,4.42,4.3,4.3,4.28,4.28,4.25,4.24,4.19
03/29/2024,4.54,4.53,4.5,4.47,4.44,4.36,4.27,4.26,4.23,4.25,4.22,4.19,4.21
03/28/2024,4.63,4.57,4.54,4.52,4.49,4.39,4.34,4.32,4.26,4.27,4.23,4.24,4.24
03/27/2024,4.58,4.56,4.55,4.53,4.5,4.38,4.34,4.32,4.3,4.26,4.27,4.26,4.26
03/26/2024,4.57,4.52,4.52,4.46,4.46,4.36,4.31,4.33,4.31,4.29,4.27,4.26,4.3
03/25/2024,4.54,4.5,4.47,4.45,4.45,4.34,4.28,4.27,4.29,4.27,4.26,4.27,4.27
03/22/2024,4.54,4.48,4.47,4.49,4.42,4.38,4.31,4.28,4.26,4.26,4.28,4.27,4.28
03/21/2024,4.59,4.5,4.49,4.48,4.43,4.37,4.3,4.29,4.26,4.28,4.29,4.25,4.26
03/20/2024,4.52,4.52,4.48,4.45,4.41,4.34,4.26,4.25,4.23,4.18,4.22,4.17,4.18
03/19/2024,4.53,4.5,4.48,4.44,4.44,4.33,4.28,4.2,4.18,4.21,4.19,4.2,4.15
03/18/2024,4.52,4.45,4.44,4.43,4.43,4.28,4.23,4.23,4.18,4.19,4.15,4.16,4.15
03/15/2024,4.52,4.5,4.44,4.44,4.39,4.31,4.26,4.19,4.19,4.17,4.16,4.1,4.15
03/14/2024,4.54,4.48,4.48,4.43,4.4,4.31,4.24,4.24,4.19,4.14,4.14,4.12,4.11
03/13/2024,4.48,4.45,4.41,4.42,4.35,4.26,4.21,4.16,4.15,4.12,4.13,4.13,4.09
03/12/2024,4.44,4.42,4.43,4.35,4.35,4.23,4.18,4.18,4.15,4.13,4.12,4.09,4.11
03/11/2024,4.48,4.47,4.44,4.42,4.38,4.31,4.23,4.24,4.23,4.2,4.21,4.2,4.17
03/08/2024,4.47,4.48,4.46,4.4,4.39,4.33,4.26,4.24,4.22,4.21,4.24,4.24,4.22
03/07/2024,4.44,4.43,4.37,4.35,4.36,4.26,4.19,4.16,4.12,4.16,4.15,4.11,4.12
03/06/2024,4.43,4.42,4.41,4.4,4.35,4.27,4.22,4.15,4.16,4.15,4.13,4.09,4.1
03/05/2024,4.42,4.42,4.4,4.37,4.32,4.24,4.17,4.16,4.16,4.16,4.15,4.13,4.12
03/04/2024,4.44,4.39,4.37,4.32,4.29,4.22,4.16,4.15,4.17,4.16,4.18,4.17,4.15
03/01/2024,4.39,4.38,4.34,4.32,4.28,4.2,4.17,4.14,4.14,4.12,4.15,4.14,4.17
02/29/2024,4.37,4.34,4.3,4.3,4.25,4.2,4.14,4.13,4.12,4.13,4.12,4.14,4.14
02/28/2024,4.31,4.28,4.29,4.26,4.21,4.16,4.07,4.07,4.06,4.04,4.07,4.08,4.08
02/27/2024,4.46,4.44,4.39,4.39,4.34,4.28,4.21,4.18,4.21,4.18,4.21,4.17,4.21
02/26/2024,4.49,4.46,4.45,4.41,4.4,4.34,4.25,4.23,4.19,4.2,4.2,4.23,4.2
02/23/2024,4.49,4.5,4.47,4.42,4.36,4.32,4.25,4.23,4.17,4.22,4.23,4.2,4.2
02/22/2024,4.5,4.45,4.44,4.43,4.33,4.29,4.22,4.23,4.21,4.23,4.2,4.18,4.22
02/21/2024,4.52,4.49,4.46,4.43,4.41,4.32,4.28,4.25,4.25,4.26,4.24,4.26,4.28
02/20/2024,4.48,4.47,4.46,4.41,4.37,4.33,4.28,4.27,4.28,4.28,4.26,4.28,4.3
02/19/2024,4.54,4.49,4.48,4.46,4.43,4.37,4.34,4.32,4.31,4.35,4.37,4.37,4.39
02/16/2024,4.51,4.49,4.46,4.43,4.41,4.32,4.26,4.28,4.31,4.31,4.29,4.34,4.37
02/15/2024,4.54,4.52,4.46,4.46,4.45,4.36,4.32,4.32,4.36,4.35,4.4,4.39,4.41
02/14/2024,4.5,4.46,4.45,4.39,4.36,4.29,4.28,4.3,4.28,4.3,4.34,4.37,4.39
02/13/2024,4.43,4.39,4.36,4.34,4.33,4.25,4.24,4.22,4.22,4.27,4.29,4.34,4.3
02/12/2024,4.35,4.36,4.31,4.31,4.31,4.23,4.2,4.17,4.19,4.21,4.2,4.27,4.27
02/09/2024,4.34,4.36,4.28,4.27,4.24,4.17,4.13,4.13,4.14,4.14,4.18,4.16,4.22
02/08/2024,4.31,4.3,4.28,4.3,4.26,4.17,4.12,4.09,4.13,4.11,4.17,4.15,4.17
02/07/2024,4.34,4.3,4.32,4.26,4.25,4.17,4.12,4.13,4.15,4.14,4.12,4.16,4.17
02/06/2024,4.38,4.34,4.32,4.32,4.26,4.2,4.14,4.12,4.12,4.12,4.16,4.17,4.13
02/05/2024,4.36,4.35,4.29,4.29,4.26,4.2,4.14,4.1,4.09,4.17,4.12,4.12,4.15
02/02/2024,4.38,4.36,4.33,4.3,4.25,4.19,4.14,4.1,4.12,4.12,4.12,4.12,4.12
02/01/2024,4.35,4.32,4.29,4.28,4.24,4.2,4.11,4.11,4.13,4.11,4.15,4.13,4.17
01/31/2024,4.35,4.32,4.3,4.26,4.22,4.18,4.13,4.11,4.15,4.18,4.14,4.16,4.17
01/30/2024,4.34,4.31,4.29,4.27,4.28,4.15,4.12,4.09,4.12,4.12,4.14,4.18,4.16
01/29/2024,4.32,4.31,4.3,4.23,4.22,4.15,4.12,4.09,4.06,4.09,4.1,4.11,4.13
01/26/2024,4.34,4.32,4.3,4.29,4.21,4.17,4.11,4.09,4.12,4.1,4.12,4.15,4.15
01/25/2024,4.35,4.27,4.28,4.24,4.22,4.14,4.12,4.08,4.11,4.12,4.12,4.09,4.12
01/24/2024,4.36,4.3,4.3,4.27,4.24,4.15,4.11,4.09,4.12,4.07,4.13,4.11,4.14
01/23/2024,4.29,4.27,4.23,4.22,4.2,4.12,4.08,4.04,4.06,4.09,4.08,4.1,4.11
01/22/2024,4.28,4.27,4.25,4.23,4.17,4.14,4.07,4.04,4.04,4.06,4.04,4.02,4.05
01/19/2024,4.28,4.3,4.26,4.26,4.19,4.13,4.05,4.06,4.04,4.07,4.06,4.07,4.09
01/18/2024,4.28,4.26,4.23,4.21,4.18,4.11,4.06,4.03,4.05,4.02,4.05,4.05,4.06
01/17/2024,4.29,4.27,4.26,4.21,4.19,4.13,4.08,4.09,4.11,4.12,4.13,4.14,4.17
01/16/2024,4.28,4.28,4.22,4.21,4.21,4.12,4.06,4.09,4.11,4.11,4.16,4.19,4.2
01/15/2024,4.27,4.22,4.26,4.22,4.18,4.14,4.11,4.11,4.11,4.12,4.17,4.2,4.24
01/12/2024,4.28,4.27,4.26,4.24,4.2,4.17,4.08,4.1,4.11,4.14,4.14,4.15,4.21
01/11/2024,4.28,4.26,4.26,4.22,4.2,4.13,4.1,4.11,4.1,4.12,4.15,4.19,4.18
01/10/2024,4.24,4.24,4.2,4.19,4.17,4.11,4.05,4.07,4.09,4.11,4.14,4.22,4.21
01/09/2024,4.28,4.24,4.2,4.2,4.18,4.14,4.09,4.1,4.09,4.13,4.16,4.21,4.23
01/08/2024,4.27,4.24,4.2,4.23,4.2,4.13,4.09,4.1,4.08,4.12,4.16,4.18,4.19
01/05/2024,4.29,4.27,4.27,4.27,4.21,4.17,4.13,4.12,4.14,4.13,4.15,4.17,4.23
01/04/2024,4.36,4.34,4.32,4.27,4.26,4.2,4.18,4.15,4.19,4.23,4.22,4.27,4.32
01/03/2024,4.33,4.28,4.27,4.25,4.24,4.15,4.15,4.14,4.18,4.19,4.17,4.24,4.25
01/02/2024,4.33,4.3,4.26,4.23,4.25,4.17,4.14,4.13,4.14,4.18,4.18,4.23,4.28
